{
    "name": "Supreme Headpat",
    "cost": "5",
    "costType": "ep",
    "requiredLevel": "0",
    "learningCost": "500",
    "skillType": "attack",
    "statType": "HeadPat",
    "requiredStat": "0",
    "skillTags": [ "Holy"],
    "fetishTags": [ ""],
    "startsStance": "",
    "requiresStance": "Any",
    "unusableIfStance": [ "Face Sit", "Footjob", "Nursing", "Breast Smother"],
    "requiresTargetStance": [ "Any"],
    "unusableIfTarget": [ ""],
    "removesStance": "None",
    "requiresStatusEffect": "None",
    "requiresStatusPotency": "0",
    "unusableIfStatusEffect": [ "None"],

    "scalesWithStatusEffect": "",
    "flatDamageSF-FlatScaling": "0",
    "flatDamageSF-PercentScaling": "0",
    "totalDamageSF-PercentScaling": "0",

    "power": "10000",
    "minRange": "70",
    "maxRange": "100",
    "recoil": "0",
    "targetType": "single",
    "accuracy": "50",
    "initiative": "50",
    "statusEffect": "None",
    "statusChance": "0",
    "statusDuration": "0",
    "statusPotency": "0",
    "statusResistedBy": "Power",
    "statusText": "",
    "descrip": "Datamining, are you?",
    "outcome": "|f|CallCombatEventAndScene|/|LillianCombatEvents|/|Supreme Headpat",
    "miss": "|f|CallCombatEventAndScene|/|LillianCombatEvents|/|Supreme Headpat",
    "statusOutcome": "",
    "statusMiss": "",
    "restraintStruggle": "",
    "restraintStruggleCharmed": "",
    "restraintEscaped": "",
    "restraintEscapedFail": ""
}
