{
    "name": "Visit Lillian",
    "Addition": "Yes",
    "Speakers": [
                    {
                        "name": "",
                        "postName": "",
                        "SpeakerType": ""
                    }
                ],
    "EventText": [
                    {
                        "NameOfScene": "VisitMenu",
                        "theScene": [
                                        "MenuAddition",
                                        "RequiresMinimumProgress", "60", "Connect the dots",
                                        "EndLoop"
                                    ]
                    },
                    {
                        "NameOfScene": "Connect the dots",
                        "theScene": [   "IfChoice", "99", "RevealRepeat", "ConnectTheDotsRepeat",
                                        "As you look at Lillian's cheerful, well-meaning face, a striking epiphany comes to you.",
                                        "ChangeBGM", "music/Forest Dungeon/night road.mp3",
                                        "The staggering lack of affinity for holy magic, the suspiciously adamant distaste toward monster girls, the convenient position as the local head of Venereae's church, the ability to keep tabs on you whenever you are defeated in battle, and the ideal proximity to Lucidia's human figures of power... it can only mean one thing.",
                                        "Such a conclusion as yours might seem far-fetched. Ludicrous, even. But the more you think about it, the more sense it makes. The weight of such a revelation is crushing, but you know in your heart of hearts that you're right. The question is, what are you going to do with such a monumental discovery?",
                                        "ChangeImageFor", "1", "Nervous",
                                        "Noticing your unusually intense expression, Lillian awkwardly speaks up.",
                                        "Speaks", "Er, [ThePlayerName]? Are you okay?",
                                        "You can't help but flinch at her words. Who knew that such an innocent façade could conceal such a terrible secret?",
                                        "... and yet, can you keep going like you have no idea of the truth? Can you keep pretending?",
                                        "Menu",
                                          "Reveal the truth!",
                                          "Better not...",
                                        "EndLoop"
                                    ]
                    },

                    {
                        "NameOfScene": "Better not...",
                        "theScene": [   "IfChoice", "99", "RevealRepeat", "BetterNotRepeat",
                                        "Deciding that discretion is the better part of valor, you assure her that you are just a bit tired. The tribulations of a strapping, enterprising adventurer...",
                                        "ChangeBGM", "music/Town/Holy night.mp3",
                                        "ChangeImageFor", "1", "Happy",
                                        "As could be expected, Lillian immediately responds with a big compassionate smile, commiseratively patting your shoulder.",
                                        "Speaks", "That is perfectly understandable, brave hero.",
                                        "ChangeImageFor", "1", "Upset",
                                        "Speaks", "Those nasty monsters have countless tricks up their sleeves... But I am sure you will prevail!",
                                        "ChangeImageFor", "1", "Nervous",
                                        "Speaks", "Just don't forget to get some rest every now and then, alright?",
                                        "ChangeImageFor", "1", "Happy",
                                        "Noncommittally, you nod. To think that this innocuous demeanor could hide such a chilling reality...",
                                        "SetChoice", "99", "RevealRepeat",
                                        "JumpToScene", "VisitMenu"
                                    ]
                    },

                    {
                        "NameOfScene": "ConnectTheDotsRepeat",
                        "theScene": [   "ChangeBGM", "music/Forest Dungeon/night road.mp3",
                                        "Once more, you stand at the precipice of a momentous revelation. What will you do?",
                                        "Menu",
                                          "Reveal the truth!",
                                          "Better not...",
                                        "EndLoop"
                                    ]
                    },

                    {
                        "NameOfScene": "BetterNotRepeat",
                        "theScene": [   "Again, you chicken out.",
                                        "Pussy.",
                                        "ChangeBGM", "music/Town/Holy night.mp3",
                                        "JumpToScene", "VisitMenu"
                                    ]
                    },
                    {
                        "NameOfScene": "Reveal the truth!",
                        "theScene": [   "Bracing yourself, you straighten your back and stare Lillian in the eye.",
                                        "PlayerSpeaks", "Lillian!",
                                        "ChangeImageFor", "1", "Blush",
                                        "Speaks", "Y-Yes?",
                                        "Dramatically pointing your finger at the priestess, you shout out with suitable gravitas.",
                                        "ChangeBGM", "../Mods/The Reveal/Music/Phoenix Wright Ace Attorney OST Pressing Pursuit Cornered Variation.mp3",
                                        "PlayerSpeaks", "{b}You are the Demon Queen!{/b}",
                                        "ChangeImageFor", "1", "Surprised",
                                        "The small girl blinks, then recoils in surprise, nervously clutching her holy book.",
                                        "Speaks", "[TPN]-[ThePlayerName], what are you saying?! How can you imagine such a-",
                                        "PlayerSpeaks", "Don't try to pretend! Based on everything I have learned so far, I have considered every possibility, and as absurd as it might seem, the truth is undeniable: {b}you, Lillian, are the Demon Queen!{/b}",
                                        "ChangeImageFor", "1", "Blush",
                                        "Fidgeting, Lillian sputters in protest, trying and failing to find words to refute your accusation.",
                                        "StopBGM",
                                        "... then, unexpectedly, she goes silent.",
                                        "ChangeImageFor", "1", "Upset",
                                        "Speaks", "Fine, then. Looks like the cat is out of the bag.",
                                        "ChangeBGM", "music/Unknown/The Dark Eternal Night.mp3",
                                        "Her stance is now straight and serious, and she glares at you with a coldness that sends a shiver down your spine. An oppressive feeling radiates from her...",
                                        "PlaySoundEffect", "sfx/doorClose.mp3",
                                        "Before you can react, she flicks her hand, and the church's massive doors close, trapping you alone with her. Not knowing what to expect, but feeling a ill-boding cold in the pit of your stomach, you watch her as she lets out a sad sigh.",
                                        "ChangeImageFor", "1", "Nervous",
                                        "Speaks", "I was fine with the way things were, you know?",
                                        "ChangeBGM", "music/Relaxing/Tokimeki.mp3",
                                        "ChangeImageFor", "1", "Base",
                                        "Speaks", "Guiding you through your adventures, keeping an eye on you, preparing you for the day you'd inevitably face me...",
                                        "ChangeImageFor", "1", "Upset",
                                        "Speaks", "But you had to wise up prematurely, and now, I'll have to {i}take care{/i} of you to avoid you blowing my cover to everyone within earshot.",
                                        "ChangeImageFor", "1", "Happy",
                                        "Speaks", "What a pity. I really liked you.~",
                                        "PlayerSpeaks", "Well, we could-",
                                        "ChangeBGM", "music/Unknown/The Dark Eternal Night.mp3",
                                        "ChangeImageFor", "1", "Upset",
                                        "Speaks", "No, [ThePlayerName]. It's too late.",
                                        "PlayMotionEffect", "LongExplosion",
                                        "PlaySoundEffect", "sfx/rumbling_of_the_earth.mp3",
                                        "The entire church rumbles, and a ringing sound fills your ears as the Demon Queen's unbounded power spills out of the diminutive priestess girl in a show of overwhelming might.",
                                        "ChangeImageFor", "1", "Happy",
                                        "But as intimidating as her obvious puissance may be, the most frightening part of it all is the relaxed, companionable look on Lillian's face as she adds conversationally.",
                                        "Speaks", "Don't worry, I'll make this quick.♪",
                                        "CombatEncounter", "NoRunning",
                                        "Lillian The Demon Queen",
                                        "StartCombat"


                                    ]
                    }
    ]
}
