{
    "name": "LillianCombatEvents",
    "CardType": "",
    "CardLimit": "0",
    "Description": "",
    "requires": [""],
    "Speakers": [
                  {
                    "name": "Lillian The Demon Queen",
                    "postName": "",
                    "SpeakerType": "Monster"
                  }

                ],
    "EventText": [

      {
          "NameOfScene": "Pre-Supreme Headpat",
          "theScene": [ "She is too fast! Before you can even move an inch, the nefarious, all-powerful Demon Queen has already acted.",
                       "HitPlayerWith", "Supreme Headpat",
                       "JumpToScene", "Supreme Headpat"
                      ]
      },

      {
          "NameOfScene": "Supreme Headpat",
          "theScene": [ "SetPostName", " - Supreme Headpat",
                        "FocusedSpeaksSkill", "With blinding speed, Lillian reaches forward and pats [ThePlayerName]'s head, filling him with a feeling of perfect serenity.",
                        "FocusedSpeaksSkill", "You freeze in place, absolutely powerless in front of the sublime feeling that explodes inside your head and radiates through every fiber of your body. Bliss, absolute bliss, occludes any other sensation.",
                        "FocusedSpeaksSkill", "You think it couldn't get any better, but then Lillian starts ruffling your hair, and it's all you can do not to crumble on the spot.",
                        "ChangeImageFor", "Happy",
                        "Speaks", "There, there.♪",
                        "FocusedSpeaksSkill", "Every minute touch of her perfect fingers is another burst of pure felicity that pierces through your being's very core, and there's nothing you can do about it except accept more of her peerless headpatting. Anything you or any of your opponents might have ever possibly pulled off pales in comparison to this.",
                        "ChangeArousalQuietly", "999999",
                        "FocusedSpeaksSkill", "You take so much Arousal. All the Arousal. Arousal beyond what any body, human or monstrous, could ever hope to bear.",
                        "ChangeSpiritQuietly", "-999",
                        "FocusedSpeaksSkill", "All your Spirit dries up as if under a merciless sun of ecstasy. Your senses shut down one by one as you feel yourself lose consciousness very rapidly, but any alarm you might have felt at the idea of truly meeting your end is overshadowed by the unadulterated pleasure you are subjected to.",
                        "PlayBlackOut",
                        "SetPostName", "",
                        "StopBGM",
                        "As you black out for good, you hear Lillian The Demon Queen's innocent, cheerful voice one last time.",
                        "Speaks", "Farewell, [ThePlayerName].",
                        "TrueGameOver"

                  ]
      }
				]
}
