{
    "name": "Lillian The Demon Queen",
    "IDname": "Lillian The Demon Queen",
    "species": "Demon Queen",
    "gender": "female",
    "description": "A petite girl wearing simple white cleric robes and a small white cleric hat that covers her long, black hair. She seems to have a cheerful smile on her face at all times, accented by her bright blue eyes. \n\nShe's also about to whoop your ass.",
    "encyclopedia": "",
    "tags": "none",
    "generic": "False",
    "requires": [ ""],
    "skillList": [ "Supreme Headpat"],
    "perks": [ ""],
    "stats": { "lvl": "99",
              "Exp": "10",
              "max_hp": "9999",
              "max_ep": "9999",
              "max_sp": "99",
              "Power": "99",
              "Technique": "99",
              "Intelligence": "99",
              "Allure": "99",
              "Willpower": "99",
              "Luck": "99"
    },
    "Fetishes": [ ""],
    "BodySensitivity": { "Sex": "100",
              "Ass": "100",
              "Breasts": "100",
              "Mouth": "100",
              "Seduction": "100",
              "Magic": "100",
              "Pain": "100",
              "Holy": "100",
              "Unholy": "100"
    },
    "resistancesStatusEffects": {
              "Stun": "0",
              "Charm": "0",
              "Aphrodisiac": "0",
              "Restraints": "0",
              "Sleep": "0",
              "Trance": "0",
              "Paralysis": "0"
    },
    "moneyDropped": "0",
    "ItemDropList": [
                    ],
    "lossScenes": [
                    {
                        "NameOfScene": "Surrender",
                        "move": "",
                        "stance": "",
                        "includes": [ "Lillian The Demon Queen"],
                        "theScene": [  "PlayBlackOut",
                                      "The tremendous pressure radiating from the formidable opponent in front of you is too much and you pass out, the abject fear brough by your thoughtless actions swiftly giving way to blissful oblivion. You can only hope that it is all but a bad dream and that you will wake up with everything returned to normal...",
                                      "EndBlackOut"
                                  ],
                        "picture": ""
                    }
                  ],
    "combatDialogue": [
      {
        "lineTrigger": "SetMusicTo",
        "move": "",
        "theText": [
          "../Mods/The Reveal/Music/PerituneMaterial_Numina_loop.mp3"
        ]
      },
      {
        "lineTrigger": "StartOfCombat",
        "move": "",
        "theText": ["You feel like you're going to have a bad time."
        ]
      },
      {
"lineTrigger": "AnyCounter",
"move": [""],
"theText":[ "|f|CallCombatEventAndScene|/|LillianCombatEvents|/|Pre-Supreme Headpat|n|"
  ]
 },
                        {
                            "lineTrigger": "HitWith",
                            "move": "Spank",
                            "theText": [ ""
                                        ]
                        },
                        {
                            "lineTrigger": "UsesMove",
                            "move": "",
                            "theText": [ "''"]
                        },
                        {
                            "lineTrigger": "LowHealth",
                            "move": "",
                            "theText": [ "''"]
                        },
                        {
                            "lineTrigger": "PlayerLowHealth",
                            "move": "",
                            "theText": [ "''"]
                        },
                        {
                            "lineTrigger": "OnPlayerOrgasm",
                            "move": "",
                            "theText": [ ""
                                      ]
                        },
                        {
                            "lineTrigger": "onOrgasm",
                            "move": "",
                            "theText": [ ""
                                      ]
                        },
                        {
                            "lineTrigger": "OnSurrender",
                            "move": "",
                            "theText": [ ""]
                        }
                      ],
  "victoryScenes": [
            {
                "NameOfScene": "",
                "move": "",
                "stance": "",
                "includes": [ ""],
                "theScene": [ ""
                          ],
                "picture": ""
            }
        ],
        "pictures": [
                    {
                      "Name": "Base",
                      "Set":  [
                            {
                                "Name": "Base",
                                "StartOn": "1",
                                "AlwaysOn": "1",
                                "IsScene": "0",
                                "TheBody": "1",
                                "Overlay": "No",
                                "setXalign": "0.0",
                                "setYalign": "0.16",
                                "Images": [
                                      {
                                          "Name": "Base",
                                          "File": "NPCs/Lillian/Lillian-neutral.png",
                                          "setXalign": "0.0",
                                          "setYalign": "0.0"
                                      },
                                      {
                                          "Name": "Happy",
                                          "File": "NPCs/Lillian/Lillian-happy.png",
                                          "setXalign": "0.0",
                                          "setYalign": "0.0"
                                      },
                                      {
                                          "Name": "Blush",
                                          "File": "NPCs/Lillian/Lillian-blush.png",
                                          "setXalign": "0.0",
                                          "setYalign": "0.0"
                                      },
                                      {
                                          "Name": "Nervous",
                                          "File": "NPCs/Lillian/Lillian-nervous.png",
                                          "setXalign": "0.0",
                                          "setYalign": "0.0"
                                      },
                                      {
                                          "Name": "Surprised",
                                          "File": "NPCs/Lillian/Lillian-surprised.png",
                                          "setXalign": "0.0",
                                          "setYalign": "0.0"
                                      },
                                      {
                                          "Name": "Upset",
                                          "File": "NPCs/Lillian/Lillian-upset.png",
                                          "setXalign": "0.0",
                                          "setYalign": "0.0"
                                      }
                              ]
                            }
                          ]
                        }
                    ]
}
