{
    "name": "The Reveal",
    "description": "Everyone suspects the terrible, foreboding truth about Lillian. But are you ready to face it? Are you ready to pay the price?\nThis mod's content is accessed via a new Lillian talk option ('Connect the dots'). Requires substantial Progress with Lillian, but nothing you shouldn't have if you're up to date on vanilla MGD's content.",
    "testedFor": {"major": 25, "minor": 6, "patch": 1},
    "version": 1,
    "tags" : [
      "A (totally serious) Fight",
      "A (totally serious) loss scene"
    ],
    "credits": "{b}Music{/b}\n{a=https://peritune.com/}Peritune{/a}",
    "authors": [
      "Valentin Cognito"
    ],
    "urlLabel": "Wiki Page",
    "url": "https://monstergirldreams.miraheze.org/wiki/Mod:The_Reveal"
}
